SKU,Category,Pack Density
P-227H,PORCELAIN SINK,40
P-224,PORCELAIN SINK,34
P-220,PORCELAIN SINK,36
S-127W,ASSY SINK,14
P-228H,PORCELAIN SINK,38
P-200,PORCELAIN SINK,24
P-208,PORCELAIN SINK,16
P-201,PORCELAIN SINK,28
S-203T,ASSY SINK,19
S-831WH,SINK,8
C132,AZUNI SINK,10
S-601W,SINK,10
S-611W,SINK,10
S-833WH,SINK,10
S-300XG,SINK,10
S-306TG,SINK,10
S-832WN,SINK,10
C122,ASSY SINK,12
P-223W,PORCELAIN SINK,36
S-308XG,SINK,20
A-02,ACCESSORY,5
A-04,ACCESSORY,0
S-401,ASSY SINK,14
A-801B,ACCESSORY,10
A-801C,ACCESSORY,10
A-801G,ACCESSORY,
A-801N,ACCESSORY,10
A-802B,ACCESSORY,10
A-802C,ACCESSORY,10
A-802N,ACCESSORY,10
A-803B,ACCESSORY,10
A-803G,ACCESSORY,10
A-803N,ACCESSORY,10
A-900BK,ACCESSORY,15
A-900DG,ACCESSORY,15
A-900GY,ACCESSORY,15
A-900RD,ACCESSORY,15
A-900WH,ACCESSORY,15
A-901RD,ACCESSORY,10
A-902BK,ACCESSORY,
A-902DG,ACCESSORY,20
A-904,ACCESSORY,10
A906,AZUNI ACCESORY,6
A-906,ACCESSORY,10
A907,AZUNI ACCESORY,10
A-907,ACCESSORY,5
A908,AZUNI ACCESORY,10
A-908,ACCESSORY,10
A-909,ACCESSORY,0
A910,AZUNI ACCESORY,10
A-910,ACCESSORY,10
A-911,ACCESSORY,6
A912,AZUNI ACCESORY,16
A-912,ACCESSORY,10
A913,AZUNI ACCESORY,16
A-913,ACCESSORY,10
A-914BK,ACCESSORY,0
A-916BK,ACCESSORY,24
A-916DG,ACCESSORY,24
A-917,ACCESSORY,10
,ASSY SINK,
A-919KIT,ACCESSORY,1
A-921BK,ACCESSORY,20
A-922,ACCESSORY,
A-925,ACCESSORY,0
A-930,ACCESSORY,0
A-931,ACCESSORY,
A-933,ACCESSORY,0
B-100C,FAUCET,16
B-101C,FAUCET,6
B-101N,FAUCET,6
B-102C,FAUCET,10
B-102N,FAUCET,
B-103B,FAUCET,
B-103C,FAUCET,
B-104C,FAUCET,10
B-104G,FAUCET,
B-104N,FAUCET,
B-104NC,FAUCET,10
B-104NG,FAUCET,10
B-108G,FAUCET,15
B-108N,FAUCET,15
B-108S,FAUCET,15
B-109B,FAUCET,8
B-109C,FAUCET,8
B-109N,FAUCET,8
B-111C,FAUCET,10
B-111G,FAUCET,10
B-111N,FAUCET,10
B-112B,FAUCET,8
B-112C,FAUCET,8
B-112G,FAUCET,8
B-112N,FAUCET,8
B-120C,FAUCET,
B-121B,FAUCET,
B-121C,FAUCET,6
B-121N,FAUCET,
B-122C,FAUCET,5
B-122G,FAUCET,
B-122N,FAUCET,
B-122NC,FAUCET,5
B-122NG,FAUCET,
B-123G,FAUCET,16
B-123N,FAUCET,16
B-123S,FAUCET,16
P-206,PORCELAIN SINK,24
C126L,AZUNI SINK,10
C128,AZUNI SINK,10
C131L,AZUNI SINK,10
C227,ASSY SINK,14
C228L,AZUNI SINK,10
C233,ASSY SINK,10
C430L,AZUNI SINK,10
C432L,AZUNI SINK,10
D-700B,ACCESSORY,10
D-700B2,ACCESSORY,9
D-700C,ACCESSORY,10
D-700C2,ACCESSORY,9
D-700G,ACCESSORY,10
D-700G2,ACCESSORY,9
D-700N,ACCESSORY,10
D-700N2,ACCESSORY,9
D-701B,ACCESSORY,10
D-701B2,ACCESSORY,9
D-701C,ACCESSORY,10
D-701C2,ACCESSORY,9
D-701H,ACCESSORY,0
D-701H-2,ACCESSORY,
D-701N,ACCESSORY,10
D-701N2,ACCESSORY,9
D-702B,ACCESSORY,10
D-702B2,ACCESSORY,9
D-702C,ACCESSORY,10
D-702C2,ACCESSORY,9
D-702E,ACCESSORY,0
D-702E-2,ACCESSORY,
D-702H,ACCESSORY,0
D-702H-2,ACCESSORY,
D-702N,ACCESSORY,10
D-702N2,ACCESSORY,9
D-703G,ACCESSORY,10
D-703G2,ACCESSORY,9
DA-01,ACCESSORY,0
DA-04,ACCESSORY,0
E-120,SINK,0
H-01,SPARE PART,38
H-02,SPARE PART,0
H-03,ACCESSORY,100
H-04,SPARE PART,100
H-05,SPARE PART,30
H-06,ACCESSORY,0
H-07,ACCESSORY,0
H-22,SPARE PART,0
H-24,SPARE PART,0
K-107B,FAUCET,5
K-107C,FAUCET,
K-107GR,FAUCET,0
K-107N,FAUCET,5
K-107NR,FAUCET,0
K-107SR,FAUCET,0
K-130N,FAUCET,6
K130NK147N,FAUCET,2
K130NS01N,FAUCET,2
K-130S,FAUCET,5
K130SK147S,FAUCET,2
K130SS01S,FAUCET,2
K-131CR,FAUCET,5
K-131G,FAUCET,6
K131GK142G,FAUCET,2
K-131GR,FAUCET,
K131GS01G,FAUCET,2
K-131N,FAUCET,6
K131NK142N,FAUCET,2
K-131NR,FAUCET,
K131NS01N,FAUCET,2
K-131P,FAUCET,6
K-131S,FAUCET,5
K131SK142S,FAUCET,2
K131SK142SS01S,FAUCET,0
K-131SR,FAUCET,
K131SS01S,FAUCET,2
K-133N,FAUCET,6
K133NK142NA802N,FAUCET,
K-133S,FAUCET,6
K-135C,FAUCET,5
K-135G,FAUCET,5
K-135N,FAUCET,5
K-135S,FAUCET,5
K-137N,FAUCET,6
K-137S,FAUCET,
K-140G,FAUCET,
K-140H,FAUCET,5
K-140N,FAUCET,
K-140R,FAUCET,5
K-140S,FAUCET,5
K140SK142GS01G,FAUCET,0
K-141B,FAUCET,5
K-141G,FAUCET,5
K-141N,FAUCET,5
K-141NG,FAUCET,5
K-141NS,FAUCET,5
K-142G,FAUCET,14
K-142N,DRINKING WATER,14
P-210H,PORCELAIN SINK,28
K-143P,FAUCET,5
K-145G,FAUCET,12
K-145N,FAUCET,12
K-145S,FAUCET,12
K-146N,FAUCET,6
K-146NG,FAUCET,6
K-146NS,FAUCET,6
K-146S,FAUCET,5
K-147G,DRINKING WATER,14
K-147N,DRINKING WATER,14
K-147S,DRINKING WATER,14
K-148G,FAUCET,6
K148GK147G,FAUCET,
K-148N,FAUCET,6
K-148S,FAUCET,6
K-149N,FAUCET,6
K-149NG,FAUCET,6
K-149NS,FAUCET,6
K-149S,FAUCET,6
K-150GM,FAUCET,
K-150NGM,FAUCET,
K-150NM,FAUCET,
K-150SM,FAUCET,
K-151G,FAUCET,
K-151N,FAUCET,
K-151S,FAUCET,
P-205,PORCELAIN SINK,36
P-200-2,PORCELAIN SINK,
P-200D,PORCELAIN SINK,24
P-201-2,PORCELAIN SINK,
P-201D,PORCELAIN SINK,28
S-320T,SINK,12
P-203-2,PORCELAIN SINK,
P-203D,PORCELAIN SINK,20
P-204,PORCELAIN SINK,24
P-205-2,PORCELAIN SINK,
S-409T,ASSY SINK,36
P-206-2,PORCELAIN SINK,
P-203,PORCELAIN SINK,20
P-209H,PORCELAIN SINK,20
S-414TG,ASSY SINK,16
P-211H,PORCELAIN SINK,24
P-211H-2,PORCELAIN SINK,
P-220D,PORCELAIN SINK,32
P-221,PORCELAIN SINK,42
P-222,PORCELAIN SINK,38
P-223N,PORCELAIN SINK,36
S-406T,ASSY SINK,16
P-225H,PORCELAIN SINK,
P-225N,PORCELAIN SINK,
P-226H,PORCELAIN SINK,38
P-226N,PORCELAIN SINK,38
P-228N,PORCELAIN SINK,38
P-229H,PORCELAIN SINK,38
P-229H-2,PORCELAIN SINK,
S-01G,ACCESSORY,24
S-01N,ACCESSORY,24
S-01S,ACCESSORY,24
S-131W,ASSY SINK,12
S-200T,ASSY SINK,12
S-202XTG,ASSY SINK,12
K-142S,DRINKING WATER,14
S-230W,ASSY SINK,10
S-300TG,SINK,10
S-827N,SINK,12
S-301G,SINK,10
S-301XG,SINK,10
S-304TG,SINK,10
S-304XG,SINK,10
S-306XG,SINK,10
S-307XG,SINK,14
A-918KIT,ACCESSORY,1
S-309XG,SINK,20
S-310G,SINK,20
S-311XG,SINK,10
S-312XG,SINK,10
S-317G,SINK,10
S-321XG,SINK,10
S-322XG,SINK,10
S-323XG,SINK,10
S-325XG,SINK,10
S-401G,ASSY SINK,14
S-402,ASSY SINK,14
S-402G,ASSY SINK,14
S-403,ASSY SINK,14
S-403G,ASSY SINK,14
S-405T,ASSY SINK,24
S-406TG,ASSY SINK,16
S-408T,ASSY SINK,24
S-827H,SINK,12
S-411T,ASSY SINK,16
S-411TG,ASSY SINK,16
S-827L,SINK,12
S-831WN,SINK,8
S-417T,ASSY SINK,58
S-425T,ASSY SINK,15
S-501XG,SINK,10
S-509XG,SINK,10
S-511XG,SINK,10
S-520C,SINK,
S-520C1,SINK,
S-520C2,SINK,
S-601WK,ASSY SINK,
S-601WN,SINK,10
S-601WNK,SINK,10
S-610W,SINK,20
S-833WN,SINK,10
S-611WK,ASSY SINK,10
S-612W,ASSY SINK,10
S-612WK,SINK,10
S-612WN,SINK,10
S-613W,SINK,10
S-613WK,SINK,10
S-613WN,SINK,10
S-613WNK,SINK,10
S-615W,SINK,10
S-618WK,SINK,10
S-622W,SINK,12
S-622WK,SINK,12
S-625W,SINK,10
S-625WK,SINK,10
P-207,PORCELAIN SINK,34
S-627WK,SINK,10
S-628WK,SINK,10
S-636W,SINK,10
S-636WK,SINK,10
S-639W,SINK,9
S-639WK,SINK,9
S-642W,SINK,9
S-642WK,ASSY SINK,9
S-701XN,SINK,10
S-709XN,SINK,20
S-711XN,SINK,10
S-816HDA04,SINK,
S-816L,SINK,20
S-816LDA04,SINK,
S-627W,SINK,10
S-816NDA04,SINK,
S-628W,ASSY SINK,10
S-822HDA04,SINK,
S-822L,SINK,14
S-822LDA04,SINK,
S-816H,SINK,20
S-822NDA04,SINK,
S-816N,SINK,20
S-825HDA04,SINK,
S-825L,SINK,8
S-825LDA04,SINK,
S-825N,SINK,8
S-825NDA04,SINK,
S-822H,SINK,14
S-827HDA04,SINK,
S-822N,SINK,14
S-827LDA04,SINK,
S-825H,SINK,8
S-827NDA04,SINK,
S-828WH,SINK,12
S-828WHDA04,SINK,
S-828WL,SINK,12
S-828WLDA04,SINK,
S-828WN,SINK,12
S-828WNDA04,SINK,
S-830WH,SINK,6
S-830WHDA04,SINK,
S-830WL,SINK,6
S-830WLDA04,SINK,
S-830WN,SINK,6
S-830WNDA04,SINK,
S-832WH,SINK,10
S-831WL,SINK,8
A-06,ACCESSORY,10
S-832WHDA04,SINK,
S-832WL,SINK,10
S-832WLDA04,SINK,
S-832WNDA04,SINK,
S-833WHDA04,SINK,
S-833WL,SINK,10
S-833WLDA04,SINK,
S-833WNDA04,SINK,
ST03,AZUNI ACCESORY,24
ST-03,ACCESSORY,24
ST04,AZUNI ACCESORY,14
ST-04,ACCESSORY,14
ST05,AZUNI ACCESORY,14
ST-05,ACCESSORY,14
ST-06,ACCESSORY,40
ST-07,ACCESSORY,40
ST-08,ACCESSORY,40
S-414T,ASSY SINK,16
S-611WK,SINK,10
